driver_id,assigned_zone,profit_est,anomaly_flag,distance_km,emission_kg
D045,8986d894e5bffff,2520.1177570516243,1,0.1,0.013000000000000001
D053,8986d8874c7ffff,7173.429162129771,0,0.1,0.013000000000000001
D062,8986dd49267ffff,16534.48905277335,0,0.1,0.013000000000000001
